sample,mutation,total_reads,alt_reads,chrom, start,end
sample1,chr1-57-clone1,100,67,chr1,57,57
sample1,chr1-110-clone1,100,67,chr1,110,110
sample1,chr1-167-clone1,100,67,chr1,167,167
sample1,chr1-386-clone1,100,40.0,chr1,386,386
sample1,chr1-441-clone1,100,40.0,chr1,441,441
sample1,chr1-1276-clone1,100,40.0,chr1,1276,1276
sample1,chr1-1496-clone1,100,40.0,chr1,1496,1496
sample1,chr1-1631-clone1,100,40.0,chr1,1631,1631
sample1,chr1-1735-clone1,100,40.0,chr1,1735,1735
sample1,chr1-2036-clone1,100,40.0,chr1,2036,2036
sample1,chr1-2428-clone1,100,40.0,chr1,2428,2428
sample1,chr1-2650-clone1,100,40.0,chr1,2650,2650
sample1,chr1-2684-clone1,100,40.0,chr1,2684,2684
sample1,chr1-2730-clone1,100,40.0,chr1,2730,2730
sample1,chr1-2857-clone1,100,40.0,chr1,2857,2857
sample1,chr1-2931-clone1,100,40.0,chr1,2931,2931
sample1,chr1-2977-clone1,100,40.0,chr1,2977,2977
sample1,chr1-3061-clone1,100,40.0,chr1,3061,3061
sample1,chr1-3113-clone1,100,40.0,chr1,3113,3113
sample1,chr1-3173-clone1,100,40.0,chr1,3173,3173
sample1,chr1-3371-clone1,100,40.0,chr1,3371,3371
sample1,chr1-3812-clone1,100,40.0,chr1,3812,3812
sample1,chr1-4278-clone1,100,40.0,chr1,4278,4278
sample1,chr1-4428-clone1,100,40.0,chr1,4428,4428
sample1,chr1-4696-clone1,100,40.0,chr1,4696,4696
sample1,chr1-4893-clone1,100,40.0,chr1,4893,4893
sample1,chr1-5277-clone1,100,40.0,chr1,5277,5277
sample1,chr1-5563-clone1,100,40.0,chr1,5563,5563
sample1,chr1-5597-clone1,100,40.0,chr1,5597,5597
sample1,chr1-5815-clone1,100,40.0,chr1,5815,5815
sample1,chr1-6037-clone1,100,40.0,chr1,6037,6037
sample1,chr1-6113-clone1,100,40.0,chr1,6113,6113
sample1,chr1-6145-clone1,100,40.0,chr1,6145,6145
sample1,chr1-6753-clone1,100,40.0,chr1,6753,6753
sample1,chr1-6792-clone1,100,40.0,chr1,6792,6792
sample1,chr1-6808-clone1,100,40.0,chr1,6808,6808
sample1,chr1-6826-clone1,100,40.0,chr1,6826,6826
sample1,chr1-7094-clone1,100,40.0,chr1,7094,7094
sample1,chr1-7148-clone1,100,40.0,chr1,7148,7148
sample1,chr1-7518-clone1,100,40.0,chr1,7518,7518
sample1,chr1-8257-clone1,100,40.0,chr1,8257,8257
sample1,chr1-8368-clone1,100,40.0,chr1,8368,8368
sample1,chr1-8579-clone1,100,40.0,chr1,8579,8579
sample1,chr1-8701-clone1,100,40.0,chr1,8701,8701
sample1,chr1-9064-clone1,100,40.0,chr1,9064,9064
sample1,chr1-9210-clone1,100,40.0,chr1,9210,9210
sample1,chr1-9274-clone1,100,40.0,chr1,9274,9274
sample1,chr1-9472-clone1,100,40.0,chr1,9472,9472
sample1,chr1-9505-clone1,100,40.0,chr1,9505,9505
sample1,chr1-9586-clone1,100,40.0,chr1,9586,9586
sample2,chr1-57-clone1,100,62,chr1,57,57
sample2,chr1-110-clone1,100,62,chr1,110,110
sample2,chr1-154-clone2,100,6,chr1,154,154
sample2,chr1-167-clone1,100,62,chr1,167,167
sample2,chr1-386-clone1,100,35.0,chr1,386,386
sample2,chr1-441-clone1,100,35.0,chr1,441,441
sample2,chr1-660-clone2,100,10.0,chr1,660,660
sample2,chr1-681-clone2,100,10.0,chr1,681,681
sample2,chr1-1276-clone1,100,35.0,chr1,1276,1276
sample2,chr1-1496-clone1,100,35.0,chr1,1496,1496
sample2,chr1-1631-clone1,100,35.0,chr1,1631,1631
sample2,chr1-1735-clone1,100,35.0,chr1,1735,1735
sample2,chr1-1963-clone2,100,10.0,chr1,1963,1963
sample2,chr1-2036-clone1,100,35.0,chr1,2036,2036
sample2,chr1-2128-clone2,100,10.0,chr1,2128,2128
sample2,chr1-2428-clone1,100,35.0,chr1,2428,2428
sample2,chr1-2463-clone2,100,10.0,chr1,2463,2463
sample2,chr1-2650-clone1,100,35.0,chr1,2650,2650
sample2,chr1-2684-clone1,100,35.0,chr1,2684,2684
sample2,chr1-2690-clone2,100,10.0,chr1,2690,2690
sample2,chr1-2730-clone1,100,35.0,chr1,2730,2730
sample2,chr1-2857-clone1,100,35.0,chr1,2857,2857
sample2,chr1-2931-clone1,100,35.0,chr1,2931,2931
sample2,chr1-2977-clone1,100,35.0,chr1,2977,2977
sample2,chr1-3045-clone2,100,10.0,chr1,3045,3045
sample2,chr1-3061-clone1,100,35.0,chr1,3061,3061
sample2,chr1-3113-clone1,100,35.0,chr1,3113,3113
sample2,chr1-3173-clone1,100,35.0,chr1,3173,3173
sample2,chr1-3371-clone1,100,35.0,chr1,3371,3371
sample2,chr1-3546-clone2,100,10.0,chr1,3546,3546
sample2,chr1-3754-clone2,100,10.0,chr1,3754,3754
sample2,chr1-3807-clone2,100,10.0,chr1,3807,3807
sample2,chr1-3812-clone1,100,35.0,chr1,3812,3812
sample2,chr1-4223-clone2,100,10.0,chr1,4223,4223
sample2,chr1-4278-clone1,100,35.0,chr1,4278,4278
sample2,chr1-4428-clone1,100,35.0,chr1,4428,4428
sample2,chr1-4696-clone1,100,35.0,chr1,4696,4696
sample2,chr1-4893-clone1,100,35.0,chr1,4893,4893
sample2,chr1-4937-clone2,100,10.0,chr1,4937,4937
sample2,chr1-5277-clone1,100,35.0,chr1,5277,5277
sample2,chr1-5405-clone2,100,10.0,chr1,5405,5405
sample2,chr1-5563-clone1,100,35.0,chr1,5563,5563
sample2,chr1-5597-clone1,100,35.0,chr1,5597,5597
sample2,chr1-5815-clone1,100,35.0,chr1,5815,5815
sample2,chr1-6037-clone1,100,35.0,chr1,6037,6037
sample2,chr1-6113-clone1,100,35.0,chr1,6113,6113
sample2,chr1-6145-clone1,100,35.0,chr1,6145,6145
sample2,chr1-6753-clone1,100,35.0,chr1,6753,6753
sample2,chr1-6792-clone1,100,35.0,chr1,6792,6792
sample2,chr1-6808-clone1,100,35.0,chr1,6808,6808
sample2,chr1-6826-clone1,100,35.0,chr1,6826,6826
sample2,chr1-7094-clone1,100,35.0,chr1,7094,7094
sample2,chr1-7106-clone2,100,10.0,chr1,7106,7106
sample2,chr1-7148-clone1,100,35.0,chr1,7148,7148
sample2,chr1-7518-clone1,100,35.0,chr1,7518,7518
sample2,chr1-8180-clone2,100,10.0,chr1,8180,8180
sample2,chr1-8257-clone1,100,35.0,chr1,8257,8257
sample2,chr1-8368-clone1,100,35.0,chr1,8368,8368
sample2,chr1-8491-clone2,100,10.0,chr1,8491,8491
sample2,chr1-8579-clone1,100,35.0,chr1,8579,8579
sample2,chr1-8701-clone1,100,35.0,chr1,8701,8701
sample2,chr1-9064-clone1,100,35.0,chr1,9064,9064
sample2,chr1-9095-clone2,100,10.0,chr1,9095,9095
sample2,chr1-9210-clone1,100,35.0,chr1,9210,9210
sample2,chr1-9274-clone1,100,35.0,chr1,9274,9274
sample2,chr1-9472-clone1,100,35.0,chr1,9472,9472
sample2,chr1-9505-clone1,100,35.0,chr1,9505,9505
sample2,chr1-9586-clone1,100,35.0,chr1,9586,9586
sample2,chr1-9644-clone2,100,10.0,chr1,9644,9644
sample2,chr1-9765-clone2,100,10.0,chr1,9765,9765
sample3,chr1-57-clone1,100,62,chr1,57,57
sample3,chr1-110-clone1,100,62,chr1,110,110
sample3,chr1-167-clone1,100,62,chr1,167,167
sample3,chr1-386-clone1,100,35.0,chr1,386,386
sample3,chr1-441-clone1,100,50,chr1,441,441
sample3,chr1-1276-clone1,100,50,chr1,1276,1276
sample3,chr1-1496-clone1,100,50,chr1,1496,1496
sample3,chr1-1631-clone1,100,35.0,chr1,1631,1631
sample3,chr1-1735-clone1,100,35.0,chr1,1735,1735
sample3,chr1-2036-clone1,100,35.0,chr1,2036,2036
sample3,chr1-2428-clone1,100,35.0,chr1,2428,2428
sample3,chr1-2650-clone1,100,35.0,chr1,2650,2650
sample3,chr1-2684-clone1,100,35.0,chr1,2684,2684
sample3,chr1-2730-clone1,100,35.0,chr1,2730,2730
sample3,chr1-2857-clone1,100,35.0,chr1,2857,2857
sample3,chr1-2931-clone1,100,35.0,chr1,2931,2931
sample3,chr1-2977-clone1,100,35.0,chr1,2977,2977
sample3,chr1-3061-clone1,100,35.0,chr1,3061,3061
sample3,chr1-3113-clone1,100,35.0,chr1,3113,3113
sample3,chr1-3173-clone1,100,35.0,chr1,3173,3173
sample3,chr1-3371-clone1,100,35.0,chr1,3371,3371
sample3,chr1-3812-clone1,100,35.0,chr1,3812,3812
sample3,chr1-4278-clone1,100,35.0,chr1,4278,4278
sample3,chr1-4428-clone1,100,35.0,chr1,4428,4428
sample3,chr1-4696-clone1,100,35.0,chr1,4696,4696
sample3,chr1-4893-clone1,100,35.0,chr1,4893,4893
sample3,chr1-5277-clone1,100,35.0,chr1,5277,5277
sample3,chr1-5563-clone1,100,35.0,chr1,5563,5563
sample3,chr1-5597-clone1,100,35.0,chr1,5597,5597
sample3,chr1-5815-clone1,100,35.0,chr1,5815,5815
sample3,chr1-6037-clone1,100,35.0,chr1,6037,6037
sample3,chr1-6113-clone1,100,35.0,chr1,6113,6113
sample3,chr1-6145-clone1,100,35.0,chr1,6145,6145
sample3,chr1-6753-clone1,100,35.0,chr1,6753,6753
sample3,chr1-6792-clone1,100,35.0,chr1,6792,6792
sample3,chr1-6808-clone1,100,35.0,chr1,6808,6808
sample3,chr1-6826-clone1,100,35.0,chr1,6826,6826
sample3,chr1-7094-clone1,100,27,chr1,7094,7094
sample3,chr1-7148-clone1,100,27,chr1,7148,7148
sample3,chr1-7518-clone1,100,35.0,chr1,7518,7518
sample3,chr1-8257-clone1,100,35.0,chr1,8257,8257
sample3,chr1-8368-clone1,100,35.0,chr1,8368,8368
sample3,chr1-8579-clone1,100,35.0,chr1,8579,8579
sample3,chr1-8701-clone1,100,35.0,chr1,8701,8701
sample3,chr1-9064-clone1,100,35.0,chr1,9064,9064
sample3,chr1-9210-clone1,100,35.0,chr1,9210,9210
sample3,chr1-9274-clone1,100,35.0,chr1,9274,9274
sample3,chr1-9472-clone1,100,35.0,chr1,9472,9472
sample3,chr1-9505-clone1,100,35.0,chr1,9505,9505
sample3,chr1-9586-clone1,100,35.0,chr1,9586,9586
